location_id,date,avg_temp,max_temp,min_temp,prcp
ST80,20191023,17.6,22.5,12.7,0
ST80,20191024,19.3,26,12.6,0
ST80,20191025,23.1,29.3,16.8,0
ST80,20191026,23.8,29.5,18.1,0
ST80,20191027,24.2,28.6,19.8,0.76
ST80,20191028,21.5,26,16.9,10.92
ST80,20191029,18.4,23,13.8,2.03
ST80,20191030,18.3,22.5,14,0
ST80,20191031,18.7,22.5,14.8,0
ST80,20191101,19.5,22.1,16.8,0
ST80,20191102,22.8,27.5,18,2.03
ST80,20191103,20,27.8,12.2,0
ST80,20191104,19.4,22.5,16.3,0
ST80,20191105,18.7,23,14.3,3.05
ST80,20191106,21.9,26,17.8,0
ST80,20191107,24.6,31,18.2,0
ST80,20191108,23.1,31,15.2,0
ST80,20191109,18.4,23,13.8,0.25
ST80,20191110,20.5,23.4,17.5,0
ST80,20191111,20.5,23.1,17.8,0
ST80,20191112,21.9,25,18.8,0
ST80,20191113,23.2,27,19.3,0
ST80,20191114,25.2,30,20.3,0
ST80,20191115,25,30.2,19.8,0
ST80,20191116,22.1,26,18.2,0
ST80,20191117,23.7,29,18.4,4.06
ST80,20191118,26,30.1,21.8,0
ST80,20191119,25.3,30.1,20.4,16
ST80,20191120,27.8,32,23.6,0
ST80,20191121,26.8,32,21.6,0
ST80,20191122,23.5,28.6,18.3,10.16
ST80,20191123,18.6,23.1,14,0
ST80,20191124,20.9,25,16.8,0
ST80,20191125,20.7,24.4,17,0
ST80,20191126,21.2,25,17.4,5.08
ST80,20191127,22.7,28.3,17,0
ST80,20191128,22.7,28.4,17,0
ST80,20191129,24,29.2,18.8,0
ST80,20191130,23.9,29.5,18.3,7.87
ST80,20191201,21.4,28.1,14.6,0
ST80,20191202,20.5,25.1,15.8,0
ST80,20191203,21.5,25,18,0
ST80,20191204,20.9,24.3,17.4,2.03
ST80,20191205,18.6,25,12.2,0
ST80,20191206,21.2,27,15.3,0
ST80,20191207,21.1,26.9,15.3,0
ST80,20191208,23.9,29,18.8,0
ST80,20191209,26.2,31.3,21,0
ST80,20191210,29.5,36.7,22.3,0
ST80,20191211,31.5,37.5,25.5,0
ST80,20191212,27.7,34.3,21,5.08
ST80,20191213,19.6,26.6,12.6,0
ST80,20191214,23.7,28,19.3,0
ST80,20191215,23.1,27.5,18.7,20.07
ST80,20191216,20.9,26,15.8,7.11
ST80,20191217,22.6,26.5,18.7,0
ST80,20191218,25.7,30.1,21.3,0
ST80,20191219,26.9,31,22.8,0
ST80,20191220,25,31.2,18.7,0
ST80,20191221,19.9,26.5,13.3,7.11
ST80,20191222,18.9,26.4,11.3,0
ST80,20191223,21.6,28,15.2,0
ST80,20191224,25.2,31,19.3,0
ST80,20191225,23.3,31,15.6,0
ST80,20191226,19.8,25,14.5,8.89
ST80,20191227,25.2,30,20.3,27.18
ST80,20191228,25.7,30.5,20.8,0
ST80,20191229,27.2,31,23.3,2.03
ST80,20191230,26.5,30.5,22.5,0
ST80,20191231,24.9,28,21.8,52.07
ST80,20200101,23.7,27.9,19.5,0
ST80,20200102,22.3,25.8,18.8,0
ST80,20200103,22.9,26,19.7,0
ST80,20200104,24.2,27,21.3,0
ST80,20200105,25,28,22,0
ST80,20200106,23.7,28.6,18.8,0
ST80,20200107,23.9,30,17.8,0
ST80,20200108,25.4,30.5,20.3,0
ST80,20200109,26.6,30.4,22.8,0
ST80,20200110,25.8,29.5,22,0
ST80,20200111,23.8,29,18.6,0
ST80,20200112,25.5,29.6,21.3,0
ST80,20200113,24.1,27.9,20.3,0
ST80,20200114,24.9,28.1,21.6,0
ST80,20200115,24.5,28.3,20.6,40.89
ST80,20200116,21.4,27.8,15,3.05
ST80,20200117,22,26,18,0
ST80,20200118,24.5,28.1,20.8,0
ST80,20200119,26.9,31,22.8,0
ST80,20200120,27.9,31,24.8,0
ST80,20200121,25.1,30.5,19.7,25.91
ST80,20200122,25,28.1,21.8,2.03
ST80,20200123,25.5,28.7,22.2,0
ST80,20200124,26.6,31,22.2,0
ST80,20200125,29.3,35.3,23.3,0
ST80,20200126,29.8,35.5,24,0
ST80,20200127,24.6,33.4,15.8,0
ST80,20200128,22.8,28,17.6,0
ST80,20200129,24,28.3,19.7,0
ST80,20200130,21,27,15,0.51
ST80,20200131,21.3,26,16.6,0
ST80,20200201,23.2,28.1,18.2,0
ST80,20200202,26.3,31.5,21.1,0
ST80,20200203,28.4,32,24.8,0
ST80,20200204,27.5,32.2,22.8,0
ST80,20200205,28.9,32.5,25.3,0
ST80,20200206,27.9,33.4,22.4,14.99
ST80,20200207,28.5,34,23,0
ST80,20200208,25.2,30,20.4,7.62
ST80,20200209,21.2,26,16.3,0
ST80,20200210,20,25.1,14.8,0
ST80,20200211,22.1,25,19.1,0
ST80,20200212,23.4,26.1,20.6,0
ST80,20200213,24.6,28.6,20.6,0
ST80,20200214,24.9,30,19.8,0
ST80,20200215,25.7,30.5,20.9,0
ST80,20200216,27,31.1,22.8,0
ST80,20200217,26.3,31.8,20.8,3.05
ST80,20200218,23.3,28.7,17.8,26.92
ST80,20200219,23.5,29.1,17.8,0
ST80,20200220,22.4,29.1,15.6,0
ST80,20200221,18.6,23.6,13.5,0
ST80,20200222,17.7,23,12.3,0
ST80,20200223,19.8,25,14.5,0
ST80,20200224,23.7,28,19.3,0
ST80,20200225,23.4,27.8,19,0
ST80,20200226,21.2,24.5,17.8,0
ST80,20200227,22.5,27,17.9,0
ST80,20200228,23.8,28.3,19.2,0
ST80,20200229,25.1,29,21.2,0
ST80,20200301,26.3,30.2,22.3,0
ST80,20200302,27.7,31.5,23.8,0
ST80,20200303,26.7,30.6,22.8,0
ST80,20200304,26.5,30,23,0
ST80,20200305,25.7,29.6,21.8,0
ST80,20200306,25,27.6,22.3,0
ST80,20200307,25.9,30,21.8,0
ST80,20200308,26.5,31,22,0
ST80,20200309,26,31,21,0.76
ST80,20200310,22.6,25.2,20,8.89
ST80,20200311,22.5,25,20,0.51
ST80,20200312,22.7,26,19.4,72.9
ST80,20200313,24.7,27.3,22.1,0
ST80,20200314,23.9,28,19.8,0
ST80,20200315,20.2,23.5,16.8,39.88
ST80,20200316,20,22.6,17.3,0
ST80,20200317,22.3,27,17.6,0
ST80,20200318,20.3,23.2,17.4,16
ST80,20200319,20.7,25,16.3,0
ST80,20200320,21.7,27,16.4,0
ST80,20200321,22.5,27,18,0
ST80,20200322,22.6,27.2,17.9,0
ST80,20200323,23.1,28,18.1,0
ST80,20200324,25.1,28.4,21.8,0
ST80,20200325,24.7,28,21.4,0.76
ST80,20200326,23.2,25.4,21,0
ST80,20200327,24.1,26.4,21.8,0
ST80,20200328,18.9,27,10.7,0
ST80,20200329,25.4,30,20.7,0
ST80,20200330,26.1,29.8,22.4,0
ST80,20200331,22.7,26.1,19.3,19.05
ST80,20200401,21.7,24,19.3,3.05
ST80,20200402,18.9,23.8,14,2.03
ST80,20200403,16.3,20.3,12.3,0
ST80,20200404,19.2,24,14.3,0
ST80,20200405,20.4,24,16.8,0
ST80,20200406,18.8,22.8,14.8,0.51
ST80,20200407,15,19.3,10.6,0
ST80,20200408,15,19,11,0
ST80,20200409,15.9,20,11.8,0
ST80,20200410,16.8,20,13.5,0
ST80,20200411,19.3,22.3,16.3,0
ST80,20200412,19.6,22.8,16.3,0
ST80,20200413,18.5,23,14,0
ST80,20200414,15.4,20,10.8,14.99
ST80,20200415,15.6,20.5,10.6,0
ST80,20200416,15.9,20.8,10.9,0
ST80,20200417,16.7,20,13.3,0
ST80,20200418,19.5,23.2,15.8,0
ST80,20200419,20.5,24,17,0
ST80,20200420,20.9,25,16.7,0
ST80,20200421,18.5,21,16,0
ST80,20200422,17.9,20,15.8,0
ST80,20200423,19.5,21,18,0
ST80,20200424,20.8,22,19.5,0
ST80,20200425,20.2,23.5,16.9,1.78
ST80,20200426,18.3,20.3,16.3,10.92
ST80,20200427,18.4,20.4,16.3,0
ST80,20200428,18.9,21,16.7,25.91
ST80,20200429,17.4,22,12.8,21.08
ST80,20200430,17.4,22.4,12.3,0
ST80,20200501,17.9,22,13.8,0
ST80,20200502,14.7,18,11.3,0
ST80,20200503,16,20,12,0
ST80,20200504,17.2,19.6,14.8,0.76
ST80,20200505,15.7,18.8,12.6,7.11
ST80,20200506,12.9,16.8,9,0
ST80,20200507,14.4,19,9.8,0
ST80,20200508,14.4,19,9.8,0
ST80,20200509,15.5,20.2,10.8,0
ST80,20200510,17.6,23.4,11.8,0
ST80,20200511,18.8,23.6,14,0
ST80,20200512,15.1,20.3,9.8,0
ST80,20200513,15.6,20.3,10.8,0
ST80,20200514,14.2,20.5,7.9,0
ST80,20200515,15.5,21.2,9.8,0
ST80,20200516,19.4,27,11.8,0
ST80,20200517,20.8,27.3,14.3,0
ST80,20200518,19.5,24.8,14.1,0
ST80,20200519,18.7,22.3,15,0
ST80,20200520,18.9,22.5,15.3,0
ST80,20200521,18,22,13.9,0
ST80,20200522,13.5,16,11,0
ST80,20200523,12.8,17,8.6,0
ST80,20200524,13,17.2,8.8,0
ST80,20200525,13.4,17,9.8,0
ST80,20200526,13.8,17.2,10.3,0
ST80,20200527,14,18,10,0
ST80,20200528,14.2,18,10.3,0
ST80,20200529,14.9,18,11.7,0
ST80,20200530,14.6,18.1,11,0
ST80,20200531,11.2,15.4,7,0
ST80,20200601,10.4,14,6.8,0
ST80,20200602,10,14,6,0
ST80,20200603,11,14.4,7.5,0
ST80,20200604,11.7,14.5,8.8,0
ST80,20200605,13,16,10,0
ST80,20200606,14.4,17,11.8,0
ST80,20200607,15.3,17,13.6,0.25
ST80,20200608,15.5,17.6,13.4,0.51
ST80,20200609,15.1,19.9,10.3,0
ST80,20200610,13.9,17.5,10.3,0
ST80,20200611,12.8,16.7,8.8,0
ST80,20200612,14.9,19,10.7,0
ST80,20200613,13.1,18.5,7.6,0.51
ST80,20200614,7.3,12,2.6,0
ST80,20200615,9.2,14,4.3,0
ST80,20200616,15,20.4,9.5,0
ST80,20200617,18.3,22.2,14.3,0
ST80,20200618,17,22.2,11.8,23.62
ST80,20200619,14.6,18.6,10.6,0
ST80,20200620,12.2,15.5,8.8,0
ST80,20200621,14.9,18,11.8,7.11
ST80,20200622,13.6,18.2,9,0
ST80,20200623,13.6,15.1,12.1,3.56
ST80,20200624,12.9,15,10.8,0
ST80,20200625,10.9,14.5,7.3,0
ST80,20200626,9.4,14,4.8,0
ST80,20200627,10,15,5,0
ST80,20200628,10.2,14.6,5.8,0
ST80,20200629,10.5,13,8,0
ST80,20200630,11.7,13.3,10,16.51
ST80,20200701,9.1,12.8,5.4,11.94
ST80,20200702,7.9,11,4.8,0
ST80,20200703,9.9,14,5.8,0
ST80,20200704,10.5,14,7,0
ST80,20200705,11.6,14,9.2,0
ST80,20200706,8.9,12,5.8,0
ST80,20200707,9.1,11.6,6.6,0
ST80,20200708,9.6,13,6.2,0
ST80,20200709,10.7,15,6.3,0
ST80,20200710,11.1,15,7.2,0
ST80,20200711,9.6,14.3,4.8,0
ST80,20200712,10.7,15,6.3,0
ST80,20200713,11.1,14.5,7.6,0
ST80,20200714,8,13,2.9,0
ST80,20200715,8.3,12.3,4.3,0
ST80,20200716,9.2,13,5.3,0
ST80,20200717,11.4,14.2,8.5,0
ST80,20200718,12.6,16.3,8.8,0
ST80,20200719,16.1,21,11.1,0
ST80,20200720,17.5,22,13,0
ST80,20200721,17,22.1,11.9,0
ST80,20200722,13.9,16,11.8,0
ST80,20200723,13.1,15.2,11,0.25
ST80,20200724,9.5,13.5,5.5,7.11
ST80,20200725,9,14,4,0
ST80,20200726,10.8,16.3,5.3,0
ST80,20200727,12.3,16.5,8.1,0
ST80,20200728,8.9,14.9,2.8,0
ST80,20200729,7.9,12.5,3.3,0
ST80,20200730,10,14,5.9,0
ST80,20200731,10.8,13.8,7.7,0
ST80,20200801,12.2,16.1,8.3,0
ST80,20200802,15.4,20,10.8,0
ST80,20200803,16.3,20.8,11.7,0
ST80,20200804,16.5,21.4,11.6,0
ST80,20200805,19,22.7,15.3,0
ST80,20200806,16.9,22.7,11,0
ST80,20200807,13.6,17.2,10,7.11
ST80,20200808,13.4,17,9.8,7.11
ST80,20200809,14,17.2,10.8,0
ST80,20200810,15.2,17.5,12.8,0
ST80,20200811,10.1,14.1,6,0
ST80,20200812,9.5,15.2,3.8,0
ST80,20200813,12.6,18,7.2,0
ST80,20200814,12.8,18.2,7.3,0
ST80,20200815,12.4,17,7.8,0
ST80,20200816,11.7,19,4.3,0
ST80,20200817,11.1,19.1,3,0
ST80,20200818,15.5,21,9.9,0
ST80,20200819,13.8,21.2,6.4,0
ST80,20200820,8.5,13.1,3.8,0
ST80,20200821,11,16.7,5.3,0
ST80,20200822,12,17,7,0
ST80,20200823,13,17.3,8.7,0
ST80,20200824,15.8,20.1,11.5,0
ST80,20200825,17.1,20.3,13.9,0
ST80,20200826,17.6,20.2,15,0
ST80,20200827,16,20.7,11.3,16
ST80,20200828,13.8,16,11.5,0
ST80,20200829,14.6,16.4,12.8,9.91
ST80,20200830,9.1,15.1,3.1,0.25
ST80,20200831,9.2,13,5.4,0
ST80,20200901,10.3,13,7.6,0
ST80,20200902,10.4,12,8.8,16
ST80,20200903,10.4,13,7.8,26.16
ST80,20200904,11.8,16.1,7.4,0
ST80,20200905,13.9,17,10.7,0
ST80,20200906,11.7,14.9,8.4,0
ST80,20200907,11.7,15,8.3,0
ST80,20200908,14.7,18.3,11,0
ST80,20200909,15.6,18.5,12.6,0
ST80,20200910,15.5,18.2,12.7,0
ST80,20200911,16.7,20,13.3,0
ST80,20200912,15,20.3,9.7,0
ST80,20200913,13.7,18,9.3,0
ST80,20200914,13.3,17.8,8.8,0
ST80,20200915,12.7,15,10.3,0
ST80,20200916,13.2,16.4,9.9,0
ST80,20200917,17.9,26,9.8,0
ST80,20200918,19.9,26,13.8,0
ST80,20200919,15,19.6,10.3,0
ST80,20200920,14.2,20.1,8.3,0
ST80,20200921,13.7,20.3,7,0
ST80,20200922,13.5,17.2,9.8,0
ST80,20200923,15.5,20.1,10.8,0
ST80,20200924,16.8,20.8,12.8,0
ST80,20200925,13.1,20,6.2,0
ST80,20200926,16.8,19.3,14.2,35.05
ST80,20200927,16.3,19.5,13,8.38
ST80,20200928,15.9,23,8.8,2.03
ST80,20200929,17.9,22.8,12.9,0
ST80,20200930,19.7,23.2,16.2,0
ST80,20201001,18.9,23.5,14.2,0
ST80,20201002,15.1,20.9,9.3,0
ST80,20201003,11.1,15.3,6.8,0
ST80,20201004,12,15.5,8.5,0
ST80,20201005,14.7,18,11.3,4.32
ST80,20201006,14.3,18,10.6,0
ST80,20201007,19,25.7,12.3,0
ST80,20201008,19.1,25.8,12.4,0
ST80,20201009,18.7,24,13.3,0
ST80,20201010,18.3,24.5,12,0
ST80,20201011,16.5,19.6,13.3,0.25
ST80,20201012,16.8,22.4,11.2,0
ST80,20201013,17.7,22.5,12.8,0
ST80,20201014,19.8,24,15.5,0
ST80,20201015,18.4,24.2,12.6,0
ST80,20201016,18,21.2,14.8,0
ST80,20201017,19.9,22,17.8,0
ST80,20201018,23.2,27.3,19,2.03
ST80,20201019,23.6,28.5,18.6,0
ST80,20201020,18.9,25.8,12,49.02
ST80,20201021,14.6,17,12.2,3.05
ST387,20191023,20,24,16,0
ST387,20191024,21.9,26,17.8,0
ST387,20191025,22.5,28,17,0
ST387,20191026,23,28,18,0
ST387,20191027,26.8,34,19.5,0
ST387,20191028,26.4,33.8,19,0
ST387,20191029,26.5,31,21.9,0
ST387,20191030,27,32,21.9,0
ST387,20191031,26.1,32.2,20,0
ST387,20191101,22.9,26.7,19,0
ST387,20191102,25,30,20,0
ST387,20191103,26.5,33,20,0
ST387,20191104,27.7,34.4,21,0
ST387,20191105,25,30,20,0
ST387,20191106,23.4,29.7,17,29.97
ST387,20191107,20,23,17,0
ST387,20191108,21,23.4,18.6,0
ST387,20191109,22.5,26,19,0
ST387,20191110,23.2,26.3,20,0
ST387,20191111,21.2,24.4,18,0
ST387,20191112,19.5,22,17,0
ST387,20191113,22.5,27,18,0
ST387,20191114,22.9,26.6,19.1,0
ST387,20191115,21.2,26.3,16,20.07
ST387,20191116,18,22,14,23.88
ST387,20191117,19,23,15,0
ST387,20191118,19.5,22.9,16,0
ST387,20191119,21,25,17,0
ST387,20191120,21.6,25.2,18,0
ST387,20191121,23,28,18,0
ST387,20191122,25,30,20,0
ST387,20191123,23.5,29,18,0
ST387,20191124,21.4,28.8,14,0
ST387,20191125,18,22,14,0
ST387,20191126,21.3,27,15.5,0
ST387,20191127,23.1,28.1,18,0
ST387,20191128,21.6,28.1,15,25.91
ST387,20191129,18.4,22,14.7,2.03
ST387,20191130,23.9,31,16.8,0
ST387,20191201,25.7,31.2,20.2,0
ST387,20191202,21.9,28.8,15,0
ST387,20191203,17.5,20,15,0
ST387,20191204,21.6,27,16.2,0
ST387,20191205,24.1,28,20.2,5.08
ST387,20191206,22.7,28.3,17,2.03
ST387,20191207,21.5,26,17,0
ST387,20191208,21.1,26.2,16,0
ST387,20191209,22.8,27,18.5,0
ST387,20191210,23.2,27.4,19,0
ST387,20191211,22.3,26,18.5,37.08
ST387,20191212,23.3,28,18.5,13.97
ST387,20191213,24,28,20,0
ST387,20191214,23.8,27.6,20,2.03
ST387,20191215,25,30,20,10.92
ST387,20191216,27.1,31.1,23,0
ST387,20191217,25.6,31.2,20,0
ST387,20191218,24,28.9,19,19.05
ST387,20191219,20.4,22,18.8,2.03
ST387,20191220,23,27,19,0
ST387,20191221,25.6,29.2,22,0
ST387,20191222,25.1,29.2,21,0
ST387,20191223,23.5,27,20,0
ST387,20191224,23,27,19,0
ST387,20191225,25,31,19,0
ST387,20191226,24.9,30.8,19,0
ST387,20191227,23.1,27.2,19,0
ST387,20191228,24.7,29.3,20,0
ST387,20191229,24.7,29.4,19.9,0
ST387,20191230,24.5,30,19,0
ST387,20191231,25.5,31,20,0
ST387,20200101,27,32,22,0
ST387,20200102,26.7,32.3,21,1.02
ST387,20200103,23.8,28.5,19,4.06
ST387,20200104,22.5,26,19,0
ST387,20200105,22.4,25.7,19,1.02
ST387,20200106,24.5,30,19,6.1
ST387,20200107,26.5,31,22,0
ST387,20200108,25.1,30.9,19.2,30.99
ST387,20200109,25,29.8,20.2,24.89
ST387,20200110,26.8,31,22.6,0
ST387,20200111,28,32,23.9,0
ST387,20200112,27.1,32.2,22,0
ST387,20200113,23.4,26.8,20,1.02
ST387,20200114,22.1,25.3,18.9,0
ST387,20200115,25.8,31,20.5,0
ST387,20200116,28,33,23,0
ST387,20200117,24.8,32.6,17,32
ST387,20200118,19.5,22,17,0
ST387,20200119,21.5,24,19,0
ST387,20200120,21.5,24,19,0
ST387,20200121,21,26,16,0
ST387,20200122,21.8,25.6,18,0
ST387,20200123,21.6,24.3,18.8,0
ST387,20200124,20.3,23,17.5,1.02
ST387,20200125,21.5,26,17,2.03
ST387,20200126,23,30,16,0
ST387,20200127,24.5,32,17,0
ST387,20200128,26.4,31.9,20.9,0
ST387,20200129,25.8,31,20.6,0
ST387,20200130,26.5,31,22,0
ST387,20200131,26.2,30.8,21.6,8.89
ST387,20200201,25,28,22,4.06
ST387,20200202,23.9,27.8,20,11.94
ST387,20200203,22.4,25.7,19,29.97
ST387,20200204,22,25.2,18.8,7.87
ST387,20200205,23.9,27,20.8,2.03
ST387,20200206,24,28,20,4.06
ST387,20200207,24.5,28,20.9,5.08
ST387,20200208,24.7,29.4,20,1.02
ST387,20200209,25.5,29,22,2.03
ST387,20200210,23.2,28.5,17.9,7.87
ST387,20200211,18.5,21,16,3.05
ST387,20200212,18.9,20.7,17,0
ST387,20200213,21,25,17,0
ST387,20200214,21.3,26,16.6,0
ST387,20200215,24.9,31,18.8,0
ST387,20200216,26,31,20.9,0
ST387,20200217,25.5,30,21,0
ST387,20200218,26.7,31.3,22,0
ST387,20200219,26.5,31,22,1.02
ST387,20200220,26.3,30.6,22,18.03
ST387,20200221,25.5,30,21,0
ST387,20200222,20.2,23.4,17,1.02
ST387,20200223,18.5,21,16,0
ST387,20200224,22,26,18,0
ST387,20200225,24,29,19,9.91
ST387,20200226,24.6,29,20.1,11.94
ST387,20200227,20.4,24.8,15.9,39.12
ST387,20200228,18.7,20.8,16.6,0
ST387,20200229,20.5,23,17.9,0
ST387,20200301,20,23,16.9,0
ST387,20200302,20,23,17,3.05
ST387,20200303,20,23,17,11.94
ST387,20200304,20,24,16,0
ST387,20200305,20,24,16,0
ST387,20200306,19.9,24,15.8,0
ST387,20200307,21,25,17,0
ST387,20200308,21.5,26,17,0
ST387,20200309,22.1,26.1,18,6.1
ST387,20200310,24,29,19,0
ST387,20200311,23.5,29,18,0
ST387,20200312,23,28,18,0
ST387,20200313,25.5,33,18,0
ST387,20200314,25.8,32.6,19,0
ST387,20200315,25.5,31,20,0
ST387,20200316,26.5,31.1,21.8,0
ST387,20200317,24.5,29,20,0
ST387,20200318,25,30,20,0
ST387,20200319,25.2,28.4,22,5.08
ST387,20200320,24,27,21,0
ST387,20200321,22.9,26.7,19,0
ST387,20200322,20.5,24,17,0
ST387,20200323,21,25,17,0
ST387,20200324,20.6,24.5,16.7,0
ST387,20200325,20,24,16,0
ST387,20200326,20.5,26,15,0
ST387,20200327,22.4,28,16.7,0
ST387,20200328,23.5,29,18,0
ST387,20200329,24.3,28.5,20,0
ST387,20200330,23.6,27.6,19.5,33.02
ST387,20200331,22.6,27.1,18,0
ST387,20200401,22,26,18,0
ST387,20200402,24.9,30,19.7,0
ST387,20200403,24,28,20,1.02
ST387,20200404,22.1,28.2,16,0
ST387,20200405,21.5,27,16,0
ST387,20200406,23.6,30.1,17,0
ST387,20200407,22.1,26.1,18,0
ST387,20200408,19.5,22.9,16,0
ST387,20200409,18,22,13.9,0
ST387,20200410,18.5,23,14,0
ST387,20200411,19.4,22.9,15.8,0
ST387,20200412,19.5,23,16,0
ST387,20200413,20,25,15,0
ST387,20200414,19.7,22.4,17,0
ST387,20200415,21.3,25,17.5,0
ST387,20200416,21,26,16,0
ST387,20200417,18,20,16,0
ST387,20200418,18.5,23,14,0
ST387,20200419,19,24,14,0
ST387,20200420,19,24,13.9,0
ST387,20200421,20,25,15,0
ST387,20200422,19.2,23.4,15,0
ST387,20200423,19,23,15,0
ST387,20200424,21.5,27,16,0
ST387,20200425,22.5,28,17,0
ST387,20200426,22.5,28,17,0
ST387,20200427,21.5,26.9,16,0
ST387,20200428,21.2,25.3,17,0
ST387,20200429,21.4,26,16.7,0
ST387,20200430,21.5,26,17,0
ST387,20200501,22,27.1,16.9,0
ST387,20200502,21,25,17,0
ST387,20200503,20.1,25.2,15,0
ST387,20200504,19,24,13.9,0
ST387,20200505,19.7,26.3,13,0
ST387,20200506,21.7,26.3,17,0
ST387,20200507,19.5,25.9,13,5.08
ST387,20200508,15.5,18.1,12.8,0
ST387,20200509,18,23,13,0
ST387,20200510,18.5,24,13,0
ST387,20200511,19.2,24.4,14,0
ST387,20200512,19.5,26,13,0
ST387,20200513,20.5,26,15,0
ST387,20200514,18.5,21,16,0
ST387,20200515,17.2,20.3,14,0
ST387,20200516,19,23.1,14.9,0
ST387,20200517,18.4,25,11.8,0
ST387,20200518,18.5,25,12,0
ST387,20200519,19.8,24.5,15,0
ST387,20200520,20.5,25,16,0
ST387,20200521,20.7,25.4,16,0
ST387,20200522,22,26,18,0
ST387,20200523,19.5,23,16,0
ST387,20200524,15.9,20.8,11,0
ST387,20200525,15,19,11,0
ST387,20200526,14.6,19.2,10,0
ST387,20200527,15.6,21.1,10,0
ST387,20200528,15.5,21,10,0
ST387,20200529,18.5,25,12,0
ST387,20200530,18.5,25,12,0
ST387,20200531,18.4,24.8,12,0
ST387,20200601,19.5,25.4,13.5,0
ST387,20200602,20.6,25.4,15.7,0
ST387,20200603,18,21,15,2.03
ST387,20200604,18.5,21,16,0
ST387,20200605,19.5,22,17,1.02
ST387,20200606,21,24,18,0
ST387,20200607,21,24,18,20.07
ST387,20200608,21,26,16,0
ST387,20200609,21.5,25,18,0
ST387,20200610,22.6,26.1,19,0
ST387,20200611,24,28,20,0
ST387,20200612,23.5,28,19,0
ST387,20200613,23,28,18,0
ST387,20200614,20.8,27.6,14,0
ST387,20200615,17.1,20,14.1,0
ST387,20200616,18.6,21.1,16,0
ST387,20200617,19.5,23,16,0
ST387,20200618,19,24,14,0
ST387,20200619,20.6,25.1,16,0
ST387,20200620,21.5,27,16,0
ST387,20200621,21.5,27,16,0
ST387,20200622,21.3,26.5,16,0
ST387,20200623,21.7,26.3,17,0
ST387,20200624,20,25,15,0
ST387,20200625,21,26,16,0
ST387,20200626,19.5,24,15,0
ST387,20200627,16.1,18.1,14,23.88
ST387,20200628,14,16,12,17.02
ST387,20200629,16.5,20,13,0
ST387,20200630,18.9,24,13.7,0
ST387,20200701,19.9,23.8,16,1.02
ST387,20200702,14.9,19.7,10,0
ST387,20200703,14,17.2,10.8,0
ST387,20200704,18,24,12,0
ST387,20200705,19.6,26.1,13,0
ST387,20200706,21.5,26,17,0
ST387,20200707,22.2,27.4,17,0
ST387,20200708,22.7,27.4,18,0
ST387,20200709,19.5,26,13,0
ST387,20200710,16,22,10,0
ST387,20200711,20.5,26,14.9,0
ST387,20200712,21.1,26.2,16,0
ST387,20200713,22.1,27.2,17,0
ST387,20200714,20.6,27.2,14,0
ST387,20200715,14.8,17.6,12,0
ST387,20200716,16.1,19.1,13,0
ST387,20200717,18.9,24,13.8,0
ST387,20200718,20.2,24.3,16,0
ST387,20200719,19.7,24.4,15,0
ST387,20200720,19.2,24.4,14,0
ST387,20200721,20.3,26,14.6,0
ST387,20200722,21,27,15,0
ST387,20200723,21.5,26.9,16,0
ST387,20200724,20.5,25,16,0
ST387,20200725,21.5,27,16,0
ST387,20200726,20.9,26.8,15,0
ST387,20200727,21,27,15,0
ST387,20200728,22,28,16,0
ST387,20200729,20.9,27.8,14,0
ST387,20200730,14.3,16.5,12,0
ST387,20200731,16.5,20,13,0
ST387,20200801,17.6,21.1,14,0
ST387,20200802,17,22,12,0
ST387,20200803,17.5,21.9,13,0
ST387,20200804,17,22,12,0
ST387,20200805,18,23,13,0
ST387,20200806,17.5,23,12,0
ST387,20200807,18.6,24.1,13,0
ST387,20200808,19,25,13,0
ST387,20200809,19.6,25.2,14,0
ST387,20200810,21,27,15,0
ST387,20200811,21,27,15,0
ST387,20200812,21.1,27.1,15,0
ST387,20200813,22.8,30,15.5,0
ST387,20200814,23.3,29.6,17,0
ST387,20200815,22.8,28.5,17,0
ST387,20200816,17.8,20,15.5,3.05
ST387,20200817,18.5,19.9,17,1.02
ST387,20200818,17.5,19,16,2.03
ST387,20200819,20,24,16,1.02
ST387,20200820,18.1,24.1,12,1.02
ST387,20200821,10.1,12.2,8,3.05
ST387,20200822,10.5,13,8,4.06
ST387,20200823,13,17,9,3.05
ST387,20200824,14.3,19,9.6,0
ST387,20200825,14,19,9,0
ST387,20200826,14.5,21,8,0
ST387,20200827,19.5,27,12,0
ST387,20200828,22,29,15,0
ST387,20200829,23.2,29.4,17,0
ST387,20200830,24,30.1,17.9,0
ST387,20200831,23.1,30.1,16,0
ST387,20200901,20,23,17,0
ST387,20200902,20,25,15,0
ST387,20200903,23,29,17,0
ST387,20200904,24,31,17,0
ST387,20200905,23.1,30.2,16,0
ST387,20200906,23.2,30.4,16,0
ST387,20200907,24.2,30.4,17.9,0
ST387,20200908,21.5,26,17,0
ST387,20200909,23,29,17,0
ST387,20200910,25.5,33,18,0
ST387,20200911,25.5,33,18,0
ST387,20200912,28,33.1,22.9,0
ST387,20200913,26.6,33.4,19.7,0
ST387,20200914,25.5,32.9,18,0
ST387,20200915,22.9,31.8,14,0
ST387,20200916,23,30,16,0
ST387,20200917,24,30,18,0
ST387,20200918,24.2,30.4,17.9,0
ST387,20200919,25.3,31,19.6,0
ST387,20200920,22.8,30.6,15,0
ST387,20200921,15.5,17,14,3.05
ST387,20200922,15.3,17,13.5,1.02
ST387,20200923,17.3,21,13.5,1.02
ST387,20200924,20.5,25,15.9,0
ST387,20200925,21,28,14,0
ST387,20200926,24.4,32,16.8,0
ST387,20200927,27.1,34.1,20,0
ST387,20200928,25,30,20,0
ST387,20200929,24.4,29.7,19,3.05
ST387,20200930,27.4,36,18.8,0
ST387,20201001,27.8,36,19.5,0
ST387,20201002,30.4,36.2,24.5,0
ST387,20201003,28.2,36.3,20,0
ST387,20201004,21.4,24.7,18,0
ST387,20201005,26.4,35,17.8,0
ST387,20201006,27.5,35,20,0
ST387,20201007,27.5,37,18,0
ST387,20201008,23.5,28,19,7.11
ST387,20201009,23.1,28.2,18,0
ST387,20201010,18.5,22,15,2.03
ST387,20201011,17.5,22,13,0
ST387,20201012,19.9,25.1,14.7,0
ST387,20201013,24.2,31.4,17,0
ST387,20201014,24,31,17,0
ST387,20201015,23.5,31,16,7.11
ST387,20201016,17.8,20.5,15,0
ST387,20201017,16,18,14,0
ST387,20201018,19.5,24,15,0
ST387,20201019,22.3,27,17.5,0
ST387,20201020,22.1,27.2,17,8.89
ST387,20201021,22.5,27,18,2.03
ST650,20191023,18.8,29.5,8,0
ST650,20191024,19.1,27.6,10.6,0
ST650,20191025,18.4,29,7.7,0
ST650,20191026,18.1,25,11.2,0
ST650,20191027,17.5,25.2,9.8,0
ST650,20191028,15.7,22,9.4,0
ST650,20191029,13.8,22.2,5.3,0
ST650,20191030,16.4,27,5.8,0
ST650,20191031,19.2,27.4,11,0
ST650,20191101,15.5,23,8,0
ST650,20191102,18.5,29,8,0
ST650,20191103,19,26,12,0
ST650,20191104,14.6,21.1,8,0
ST650,20191105,18.3,28,8.6,0
ST650,20191106,20.3,31,9.6,0
ST650,20191107,22.1,33,11.1,0
ST650,20191108,24.4,34.1,14.7,0
ST650,20191109,22.5,34,11,0
ST650,20191110,24.1,35.2,13,0
ST650,20191111,23.1,33.4,12.8,0
ST650,20191112,19.7,28.1,11.3,0
ST650,20191113,20.4,30,10.8,0
ST650,20191114,23.5,32.3,14.7,0
ST650,20191115,23.3,33,13.5,0
ST650,20191116,25.4,33.8,16.9,0
ST650,20191117,22.1,32.3,11.8,0
ST650,20191118,23.3,34,12.6,0
ST650,20191119,24.2,34.6,13.7,0
ST650,20191120,23.5,34,13,0
ST650,20191121,24.6,34.7,14.4,0
ST650,20191122,20.8,29.5,12,0
ST650,20191123,21.5,30,13,0
ST650,20191124,19.1,25.2,13,0
ST650,20191125,19.1,24.6,13.5,0
ST650,20191126,16.5,25,8,0
ST650,20191127,19.6,31,8.1,0
ST650,20191128,21.1,31,11.2,0
ST650,20191129,20.8,31.2,10.4,0
ST650,20191130,22.2,32.4,12,0
ST650,20191201,23.5,33.2,13.8,0
ST650,20191202,21.2,30,12.4,0
ST650,20191203,22.1,30.1,14,0
ST650,20191204,20.7,30,11.4,0
ST650,20191205,21.8,32,11.5,0
ST650,20191206,23,33.2,12.8,0
ST650,20191207,19.3,29.6,9,0
ST650,20191208,20.2,30,10.3,0
ST650,20191209,21,30.5,11.5,0
ST650,20191210,20.7,29.8,11.5,0
ST650,20191211,20.8,30.1,11.4,0
ST650,20191212,23.6,34,13.1,0
ST650,20191213,23.7,34.5,12.8,0
ST650,20191214,23.3,32.1,14.5,0
ST650,20191215,20.4,28,12.7,0
ST650,20191216,21.3,30,12.5,0
ST650,20191217,22.9,32.3,13.4,0
ST650,20191218,23.9,33.6,14.1,0
ST650,20191219,25.3,33.1,17.4,0
ST650,20191220,22,30,14,0
ST650,20191221,25,33,17,0
ST650,20191222,23.9,34,13.7,0
ST650,20191223,25.9,36,15.7,0
ST650,20191224,26.6,37.1,16,0
ST650,20191225,23,30.7,15.2,0
ST650,20191226,22.7,31,14.3,0
ST650,20191227,24,33,15,0
ST650,20191228,23.7,34,13.4,0
ST650,20191229,26.1,35.5,16.6,0
ST650,20191230,24.4,34.7,14,0
ST650,20191231,24.9,35.1,14.6,0
ST650,20200101,24.1,33.8,14.3,0
ST650,20200102,21.7,30.6,12.8,0
ST650,20200103,22.1,31.2,13,0
ST650,20200104,23.3,31.3,15.3,0
ST650,20200105,23,31.9,14,0
ST650,20200106,19.7,27,12.4,0
ST650,20200107,21.3,29,13.6,0
ST650,20200108,21.3,29.5,13,0
ST650,20200109,20.4,29,11.7,0
ST650,20200110,22.6,32,13.1,0
ST650,20200111,23.5,33,13.9,0
ST650,20200112,23.8,33.5,14,0
ST650,20200113,23.5,33.2,13.7,0
ST650,20200114,24.1,33.1,15.1,0
ST650,20200115,25.5,33,18,0
ST650,20200116,25,34.4,15.6,0
ST650,20200117,25.1,34.3,15.8,0
ST650,20200118,26.2,34.3,18,0
ST650,20200119,26.6,35.3,17.9,0
ST650,20200120,24,33,15,0
ST650,20200121,25,33.1,16.9,0
ST650,20200122,23.6,32.2,14.9,0
ST650,20200123,23.4,31.2,15.6,0
ST650,20200124,25,33,17,0
ST650,20200125,24.7,33.1,16.3,0
ST650,20200126,26,34.6,17.3,0
ST650,20200127,26.1,34.5,17.6,0
ST650,20200128,25.3,34.4,16.1,0
ST650,20200129,24.1,33.2,15,0
ST650,20200130,23.1,31.7,14.4,0
ST650,20200131,23.9,32.8,14.9,0
ST650,20200201,24,32.9,15,0
ST650,20200202,24.2,33,15.4,0
ST650,20200203,23.6,32.9,14.2,0
ST650,20200204,22.7,32,13.4,0
ST650,20200205,21.6,29.5,13.6,0
ST650,20200206,19.6,28.2,11,0
ST650,20200207,22.9,33,12.7,0
ST650,20200208,23.4,33.3,13.5,0
ST650,20200209,23.3,34.1,12.4,0
ST650,20200210,24,33.4,14.6,0
ST650,20200211,23.4,32.3,14.4,0
ST650,20200212,23.4,31.8,15,0
ST650,20200213,22.8,30.1,15.4,0
ST650,20200214,22.6,32,13.1,0
ST650,20200215,23.4,33,13.7,0
ST650,20200216,23.6,33.3,13.9,0
ST650,20200217,21.3,31.6,11,0
ST650,20200218,24.4,35,13.7,0
ST650,20200219,24.7,35.3,14,0
ST650,20200220,24.6,34.5,14.6,0
ST650,20200221,23.3,33.5,13,0
ST650,20200222,20.5,28.2,12.7,0
ST650,20200223,20.4,28.2,12.5,0
ST650,20200224,19.6,28.3,10.9,0
ST650,20200225,21,31,10.9,0
ST650,20200226,23.4,34,12.8,0
ST650,20200227,25,34.5,15.5,0
ST650,20200228,23.3,33,13.5,0
ST650,20200229,24.2,33.3,15,0
ST650,20200301,22.9,33.2,12.5,0
ST650,20200302,22,30,14,0
ST650,20200303,22.4,32,12.7,0
ST650,20200304,22.5,32.5,12.4,0
ST650,20200305,24.9,35,14.8,0
ST650,20200306,25.6,35.5,15.6,0
ST650,20200307,22.4,32,12.7,0
ST650,20200308,24.1,32.2,15.9,0
ST650,20200309,23.5,33,14,0
ST650,20200310,24,34.4,13.6,0
ST650,20200311,25,33.4,16.5,0
ST650,20200312,23.8,33.2,14.4,0
ST650,20200313,22,29.9,14,0
ST650,20200314,23,30,16,0
ST650,20200315,22.3,31,13.6,0
ST650,20200316,22.5,31.8,13.1,0
ST650,20200317,18.5,27,9.9,0
ST650,20200318,19.8,29,10.6,0
ST650,20200319,20.1,29.1,11,0
ST650,20200320,20.1,29.8,10.4,0
ST650,20200321,18.8,28.5,9,0
ST650,20200322,17.9,26.1,9.7,0
ST650,20200323,20,30,9.9,0
ST650,20200324,20.6,31.2,9.9,0
ST650,20200325,20.7,30,11.3,0
ST650,20200326,20.3,29.4,11.1,0
ST650,20200327,19.8,27.7,11.8,0
ST650,20200328,17.8,23,12.6,0
ST650,20200329,18.7,27,10.4,0
ST650,20200330,21.3,30,12.5,0
ST650,20200331,21.2,31.2,11.1,0
ST650,20200401,20.3,30,10.5,0
ST650,20200402,20.9,33,8.8,0
ST650,20200403,21.9,34.5,9.3,0
ST650,20200404,18.7,28.2,9.2,0
ST650,20200405,18.4,26.5,10.2,0
ST650,20200406,19.5,30,8.9,0
ST650,20200407,20.7,31,10.3,0
ST650,20200408,20.9,32.3,9.4,0
ST650,20200409,18.3,25.5,11,0
ST650,20200410,16.8,22.9,10.6,0
ST650,20200411,15.6,22.2,9,0
ST650,20200412,17,21,12.9,0
ST650,20200413,17.3,24,10.6,9.4
ST650,20200414,16.8,27,6.5,0
ST650,20200415,18.4,27.9,8.8,0
ST650,20200416,16.6,26,7.1,0
ST650,20200417,18.3,29,7.5,0
ST650,20200418,19.5,29.9,9,0
ST650,20200419,19.7,29.1,10.3,0
ST650,20200420,22,31,13,0
ST650,20200421,20.3,30.6,10,0
ST650,20200422,21,30.6,11.4,0
ST650,20200423,19.9,27.8,12,0
ST650,20200424,14.3,19,9.6,0
ST650,20200425,14.1,22,6.1,0
ST650,20200426,15.4,22.7,8,0
ST650,20200427,15.5,21.8,9.1,0
ST650,20200428,15.5,23,8,0
ST650,20200429,14.9,26,3.7,0
ST650,20200430,15.4,26.6,4.1,0
ST650,20200501,14.3,25,3.6,0
ST650,20200502,15.9,25.8,5.9,0
ST650,20200503,16.6,23.6,9.5,0
ST650,20200504,18.1,24,12.1,0
ST650,20200505,16.2,26,6.3,0
ST650,20200506,17.2,29,5.3,0
ST650,20200507,17.4,29,5.8,0
ST650,20200508,17.6,29.3,5.8,0
ST650,20200509,15.5,26.1,4.8,0
ST650,20200510,14.8,25.2,4.3,0
ST650,20200511,12.3,20,4.5,0
ST650,20200512,13.5,20.4,6.5,0
ST650,20200513,12.3,22,2.5,0
ST650,20200514,12.9,23,2.7,0
ST650,20200515,14.9,26.1,3.6,0
ST650,20200516,16.7,27,6.3,0
ST650,20200517,16.8,28,5.5,0
ST650,20200518,16.2,28.4,3.9,0
ST650,20200519,14.2,21.4,7,0
ST650,20200520,12.1,14.2,10,0
ST650,20200521,11.4,15,7.7,4.06
ST650,20200522,10.1,19,1.1,0
ST650,20200523,11.6,23,0.1,0
ST650,20200524,14.4,26,2.7,0
ST650,20200525,16.8,29,4.6,0
ST650,20200526,17.8,29.7,5.9,0
ST650,20200527,15.4,21.7,9,0
ST650,20200528,12.9,15,10.8,0
ST650,20200529,11.8,15,8.6,0
ST650,20200530,12.3,18,6.5,0
ST650,20200531,13.5,20,7,0
ST650,20200601,13.3,20.4,6.2,0
ST650,20200602,13.6,20.3,6.8,0
ST650,20200603,10.7,13.6,7.7,1.02
ST650,20200604,7.9,15,0.8,1.02
ST650,20200605,8.9,18,-0.3,0
ST650,20200606,8.8,17.6,0,0
ST650,20200607,8.9,17.2,0.6,0
ST650,20200608,7.1,15.3,-1.2,0
ST650,20200609,7.8,17,-1.4,0
ST650,20200610,8.3,17.6,-1,0
ST650,20200611,7,15.9,-2,0
ST650,20200612,10.3,13,7.5,10.41
ST650,20200613,8.6,17.1,0,4.06
ST650,20200614,11.7,23,0.3,0
ST650,20200615,13.9,23.1,4.7,0
ST650,20200616,9.5,14,4.9,0
ST650,20200617,11.1,13.6,8.6,2.29
ST650,20200618,9.2,12.3,6,1.02
ST650,20200619,10.2,13,7.3,0
ST650,20200620,10.7,13.3,8,0
ST650,20200621,9.3,15,3.5,0
ST650,20200622,10.7,14.8,6.5,0
ST650,20200623,10.5,13,7.9,18.03
ST650,20200624,8.5,12.9,4,15.75
ST650,20200625,6.3,12.9,-0.3,0
ST650,20200626,9.8,14,5.5,0
ST650,20200627,8.3,14.2,2.3,0
ST650,20200628,10.2,15,5.3,0
ST650,20200629,11,15,7,3.56
ST650,20200630,6.9,13,0.7,28.45
ST650,20200701,10.9,14,7.7,2.54
ST650,20200702,9.7,17,2.4,2.54
ST650,20200703,10.2,17,3.3,0
ST650,20200704,11.6,17.4,5.8,0
ST650,20200705,7,12,2,34.29
ST650,20200706,9.5,12.9,6,0
ST650,20200707,8.8,13,4.6,0
ST650,20200708,10.5,14,7,0.76
ST650,20200709,11,16,6,0
ST650,20200710,11.4,16.4,6.4,0
ST650,20200711,9.5,16,3,0
ST650,20200712,11.5,18,5,0
ST650,20200713,12.3,21.2,3.4,0
ST650,20200714,12.2,22,2.4,0
ST650,20200715,12.6,22.5,2.7,0
ST650,20200716,12.4,21.7,3,0
ST650,20200717,9.8,14,5.5,0
ST650,20200718,10.4,14,6.7,0
ST650,20200719,12,17,6.9,0
ST650,20200720,10.5,17,4,0
ST650,20200721,12.7,17.3,8,1.27
ST650,20200722,7,12,2,11.18
ST650,20200723,6.3,13,-0.5,0
ST650,20200724,7,14,-0.1,0
ST650,20200725,6.8,14,-0.4,0
ST650,20200726,9.3,13.2,5.3,0
ST650,20200727,10.1,14.2,6,0
ST650,20200728,8.7,18,-0.7,0
ST650,20200729,11.2,22,0.4,0
ST650,20200730,12.8,23.3,2.3,0
ST650,20200731,10.2,18,2.3,0
ST650,20200801,13.1,18.2,8,0
ST650,20200802,10,20,-0.1,0
ST650,20200803,12.1,21.2,3,0
ST650,20200804,12.8,22,3.5,0
ST650,20200805,14.4,22.8,6,0
ST650,20200806,13,18,8,0
ST650,20200807,12.1,20,4.2,0
ST650,20200808,13.6,23,4.1,0
ST650,20200809,15.8,23.3,8.3,0
ST650,20200810,8.9,16.3,1.4,0
ST650,20200811,8.1,16.8,-0.7,0
ST650,20200812,7,15.9,-1.9,0
ST650,20200813,9.7,16.2,3.2,0
ST650,20200814,8.9,15.5,2.2,0
ST650,20200815,7.1,15.3,-1.2,0
ST650,20200816,7.7,17,-1.7,0
ST650,20200817,8.2,17.5,-1.2,0
ST650,20200818,8.9,17.7,0,0
ST650,20200819,11.3,16,6.6,0
ST650,20200820,11.1,23,-0.8,0
ST650,20200821,12.3,24,0.6,0
ST650,20200822,12.8,24.6,1,0
ST650,20200823,15.2,23.4,7,0.25
ST650,20200824,12.1,17,7.1,0
ST650,20200825,10.5,17.7,3.3,0
ST650,20200826,10.5,15.6,5.4,2.29
ST650,20200827,7.9,15.3,0.4,0
ST650,20200828,10.4,15.1,5.7,0
ST650,20200829,10.5,16,5,0
ST650,20200830,8.7,17.2,0.2,0
ST650,20200831,8.8,17.6,0,0
ST650,20200901,11.6,17,6.1,0
ST650,20200902,10.1,17,3.2,0
ST650,20200903,11.8,19,4.6,0
ST650,20200904,12.5,19,6,0
ST650,20200905,13,19.8,6.1,0
ST650,20200906,11.4,22,0.8,0
ST650,20200907,12.7,22.2,3.2,0
ST650,20200908,15.1,21.6,8.6,0
ST650,20200909,14.2,22,6.4,0
ST650,20200910,13.8,22.4,5.1,0
ST650,20200911,12.8,21.2,4.3,0
ST650,20200912,11.6,21.3,1.9,0
ST650,20200913,11.5,22,1,0
ST650,20200914,15,28,2,0
ST650,20200915,11.1,17,5.1,0
ST650,20200916,15.2,22,8.4,0
ST650,20200917,15.6,26,5.1,0
ST650,20200918,16.3,26.7,5.8,0
ST650,20200919,16.5,27.2,5.8,0
ST650,20200920,16.5,27.9,5,0
ST650,20200921,16.8,26.4,7.2,0
ST650,20200922,17.5,27,8,0
ST650,20200923,17.6,28,7.1,0
ST650,20200924,18.4,28.1,8.7,0
ST650,20200925,17.5,26,8.9,0
ST650,20200926,13.9,19,8.8,0
ST650,20200927,13.8,24,3.5,0
ST650,20200928,13.8,24,3.6,0
ST650,20200929,16,24.9,7,0
ST650,20200930,12.1,18,6.2,0
ST650,20201001,13.5,19,8,0
ST650,20201002,10.6,19.4,1.8,0
ST650,20201003,10.5,19,1.9,0
ST650,20201004,10.2,19,1.4,0
ST650,20201005,12.6,23,2.2,0
ST650,20201006,15.4,23.1,7.6,0
ST650,20201007,14.5,24,5,0
ST650,20201008,14.4,24.7,4.1,0
ST650,20201009,17.5,29,6,0
ST650,20201010,18.6,28.8,8.4,0
ST650,20201011,18.8,31.1,6.4,0
ST650,20201012,20.2,31.8,8.6,0
ST650,20201013,19.8,30.6,9,0
ST650,20201014,16.7,26,7.4,0
ST650,20201015,19.5,30,8.9,0
ST650,20201016,17.4,25.6,9.2,0
ST650,20201017,17.8,27.5,8,0
ST650,20201018,16.6,26.2,7,0
ST650,20201019,16.6,25.8,7.3,0
ST650,20201020,18.3,28.4,8.2,0
ST650,20201021,17.1,25.2,9,0
ST2090,20191023,17.5,20,14.9,0
ST2090,20191024,18.1,20.5,15.6,0
ST2090,20191025,18,20,15.9,0
ST2090,20191026,18.3,20.8,15.8,0
ST2090,20191027,18.7,20.9,16.4,0
ST2090,20191028,18.3,21.4,15.2,0
ST2090,20191029,17,19.1,14.8,0
ST2090,20191030,18.4,20.1,16.7,0
ST2090,20191031,19.1,22.2,15.9,0
ST2090,20191101,19.3,22.4,16.2,0
ST2090,20191102,19.7,23.1,16.2,0
ST2090,20191103,19,22,15.9,0
ST2090,20191104,17.3,19.3,15.2,0
ST2090,20191105,17.8,20.3,15.3,0
ST2090,20191106,18.7,21,16.3,0
ST2090,20191107,19.1,21.5,16.6,0
ST2090,20191108,20,22.7,17.2,0
ST2090,20191109,19.5,22.4,16.6,0
ST2090,20191110,19.8,22,17.5,0
ST2090,20191111,19.8,22.6,16.9,0
ST2090,20191112,20.1,22.4,17.8,0
ST2090,20191113,20,22,18,0
ST2090,20191114,20,22.1,17.8,0
ST2090,20191115,20.9,23.4,18.4,0
ST2090,20191116,20.2,22,18.3,0
ST2090,20191117,20.1,22,18.2,0
ST2090,20191118,19.7,21.3,18.1,0
ST2090,20191119,19.9,21.9,17.8,0
ST2090,20191120,20,21.7,18.2,0
ST2090,20191121,21.2,23.7,18.6,0
ST2090,20191122,22.1,24.6,19.5,0
ST2090,20191123,21.5,24.3,18.7,0
ST2090,20191124,21.6,23.6,19.5,0
ST2090,20191125,21.9,24.2,19.6,0
ST2090,20191126,21.6,24.7,18.4,0
ST2090,20191127,21.2,24.4,17.9,0
ST2090,20191128,23.2,28.1,18.2,0
ST2090,20191129,21.8,25.4,18.1,0
ST2090,20191130,20.7,23.4,18,0
ST2090,20191201,21.1,23.7,18.4,0
ST2090,20191202,21.4,23.9,18.9,0
ST2090,20191203,21.5,23.8,19.1,0
ST2090,20191204,20.5,21.6,19.4,0
ST2090,20191205,21.8,24.7,18.8,0
ST2090,20191206,20.9,23,18.8,0
ST2090,20191207,21.7,23.9,19.4,0
ST2090,20191208,22,24.2,19.7,0
ST2090,20191209,21.9,24.7,19.1,0
ST2090,20191210,22.1,25.2,19,0
ST2090,20191211,22.5,25.4,19.5,0
ST2090,20191212,20.9,22.5,19.3,0
ST2090,20191213,21.6,24.6,18.5,0
ST2090,20191214,22.4,25.5,19.2,0
ST2090,20191215,21.7,24.6,18.8,0
ST2090,20191216,21.7,23.9,19.4,0
ST2090,20191217,22.3,24.7,19.8,0
ST2090,20191218,22.5,25.5,19.4,0
ST2090,20191219,22.2,24.7,19.7,0
ST2090,20191220,21.9,24.5,19.3,0
ST2090,20191221,22.2,24,20.4,0
ST2090,20191222,22.3,25,19.5,0
ST2090,20191223,24.3,28.8,19.8,0
ST2090,20191224,22.5,25,19.9,0
ST2090,20191225,22.1,24.4,19.7,0
ST2090,20191226,22.2,25.2,19.2,0
ST2090,20191227,22.6,25.6,19.6,0
ST2090,20191228,22.7,25.5,19.9,0
ST2090,20191229,23.4,26.7,20,0
ST2090,20191230,23.2,25.9,20.4,0
ST2090,20191231,23.4,26.6,20.1,0
ST2090,20200101,23.5,26.2,20.7,0
ST2090,20200102,23.8,27,20.5,0
ST2090,20200103,24,27.2,20.8,0
ST2090,20200104,23.6,26.1,21,0
ST2090,20200105,23.8,26.5,21,0
ST2090,20200106,23.8,27.2,20.3,0
ST2090,20200107,24.8,28.5,21,0
ST2090,20200108,25.7,29.5,21.8,0
ST2090,20200109,24,26.5,21.4,0
ST2090,20200110,23.5,26,21,0
ST2090,20200111,23,25.2,20.7,0
ST2090,20200112,22.4,25,19.8,0
ST2090,20200113,22.9,26.2,19.6,0
ST2090,20200114,22.6,25.3,19.8,0
ST2090,20200115,24,27,20.9,0
ST2090,20200116,24,27.6,20.4,0
ST2090,20200117,23.5,26,20.9,0
ST2090,20200118,23.7,26.5,20.9,0
ST2090,20200119,24.5,27,21.9,0
ST2090,20200120,24.2,27.3,21.1,0
ST2090,20200121,24,27.1,20.8,0
ST2090,20200122,24.4,27.6,21.1,0
ST2090,20200123,26.6,30.2,22.9,0
ST2090,20200124,27,30.8,23.1,0
ST2090,20200125,26.2,29.9,22.5,0
ST2090,20200126,25,29,21,0
ST2090,20200127,24.3,27.6,21,0
ST2090,20200128,25.3,27.9,22.7,0
ST2090,20200129,25.7,28.9,22.4,0
ST2090,20200130,25.2,29.3,21,0
ST2090,20200131,24,26,22,0
ST2090,20200201,24.3,26.6,22,0
ST2090,20200202,24.6,27.4,21.8,0
ST2090,20200203,24.2,27,21.3,0
ST2090,20200204,23.2,25.2,21.1,0
ST2090,20200205,23.8,26.6,21,0
ST2090,20200206,24.6,27.8,21.3,0
ST2090,20200207,24.4,28.2,20.6,0
ST2090,20200208,24.4,26.7,22.1,0
ST2090,20200209,24.9,28.2,21.6,0
ST2090,20200210,24,26.1,21.9,0
ST2090,20200211,24.2,27,21.4,0
ST2090,20200212,24.3,26.6,21.9,0
ST2090,20200213,24.5,26.8,22.1,0
ST2090,20200214,24.4,27,21.7,0
ST2090,20200215,24.8,28.3,21.2,0
ST2090,20200216,25.2,28.4,22,0
ST2090,20200217,25.5,28.4,22.6,0
ST2090,20200218,24.5,27.1,21.9,0
ST2090,20200219,25.6,28.3,22.9,0
ST2090,20200220,25.6,28.2,23,0
ST2090,20200221,26.2,29.4,23,0
ST2090,20200222,26.3,29.9,22.7,0
ST2090,20200223,26.4,29.4,23.3,0
ST2090,20200224,26.5,29.7,23.2,0
ST2090,20200225,25.4,28,22.8,0
ST2090,20200226,25.8,28.5,23,0
ST2090,20200227,25.4,28.1,22.7,0
ST2090,20200228,26.6,29.7,23.4,0
ST2090,20200229,26.5,30.2,22.7,0
ST2090,20200301,25.4,27.9,22.9,0
ST2090,20200302,25.4,28.2,22.6,0
ST2090,20200303,26.1,29.1,23,0
ST2090,20200304,25.4,28.5,22.2,0
ST2090,20200305,25.6,29.8,21.4,0
ST2090,20200306,24.8,28.5,21.1,0
ST2090,20200307,24.5,27.5,21.4,0
ST2090,20200308,25.6,28.8,22.4,0
ST2090,20200309,26,30,22,0
ST2090,20200310,25.7,29.4,22,0
ST2090,20200311,24.8,28.6,20.9,0
ST2090,20200312,26.1,29.5,22.6,0
ST2090,20200313,26.3,29.3,23.3,0
ST2090,20200314,25.4,28.5,22.3,0
ST2090,20200315,25.5,28.6,22.3,0
ST2090,20200316,24.6,27.9,21.3,0
ST2090,20200317,24.7,27.6,21.7,0
ST2090,20200318,25,27.9,22.1,0
ST2090,20200319,25.4,28.6,22.2,0
ST2090,20200320,24.7,27.4,22,0
ST2090,20200321,26,30.5,21.5,0
ST2090,20200322,26.6,31,22.1,0
ST2090,20200323,26.1,30.3,21.9,0
ST2090,20200324,21.1,29.7,12.5,0
ST2090,20200325,24.1,26.1,22,0
ST2090,20200326,23.7,26.1,21.2,0
ST2090,20200327,24.7,28,21.3,0
ST2090,20200328,24.1,27.6,20.6,0
ST2090,20200329,23.5,27.6,19.4,0
ST2090,20200330,23.3,26.4,20.1,0
ST2090,20200331,23.4,26.1,20.7,0
ST2090,20200401,23.5,26.2,20.8,1.02
ST2090,20200402,24,27,20.9,0
ST2090,20200403,22.8,25,20.6,0
ST2090,20200404,22.8,25.7,19.8,0
ST2090,20200405,23.8,26.5,21,0
ST2090,20200406,23.9,26.8,20.9,0
ST2090,20200407,22.8,26.3,19.3,0
ST2090,20200408,23.6,26.7,20.5,0
ST2090,20200409,24.1,27.8,20.3,0
ST2090,20200410,22.6,24.4,20.7,0
ST2090,20200411,23.7,26.2,21.1,0
ST2090,20200412,23.2,26.5,19.8,0
ST2090,20200413,22.7,25.8,19.5,0
ST2090,20200414,23.6,28,19.1,0
ST2090,20200415,24.5,28.3,20.7,0
ST2090,20200416,24.2,28,20.4,0
ST2090,20200417,23.9,27.9,19.8,0
ST2090,20200418,23.1,27,19.1,0
ST2090,20200419,22.8,26.2,19.3,0
ST2090,20200420,22.3,26.2,18.4,0
ST2090,20200421,21.8,25,18.6,0
ST2090,20200422,23.1,26.3,19.8,0
ST2090,20200423,22.2,24.8,19.5,0
ST2090,20200424,21.4,24.3,18.4,0
ST2090,20200425,21.6,25.3,17.9,0
ST2090,20200426,23.2,26.4,19.9,0
ST2090,20200427,22.1,25.9,18.2,0
ST2090,20200428,21.1,24.6,17.6,0
ST2090,20200429,21,24.3,17.7,0
ST2090,20200430,20.5,23.1,17.9,0
ST2090,20200501,21.3,24.4,18.1,0
ST2090,20200502,22,25,18.9,0
ST2090,20200503,21.9,25,18.8,0
ST2090,20200504,21.6,24.2,19,0
ST2090,20200505,21.7,24.9,18.4,0
ST2090,20200506,20.9,24.3,17.5,0
ST2090,20200507,21.4,24.8,18,0
ST2090,20200508,20.9,23.8,18,0
ST2090,20200509,21,24,18,0
ST2090,20200510,21.3,24,18.6,0
ST2090,20200511,21.4,24.3,18.5,0
ST2090,20200512,21.8,25.5,18,0
ST2090,20200513,21.8,25.7,17.8,0
ST2090,20200514,20.2,23.3,17.1,0
ST2090,20200515,19.6,22.2,17,0
ST2090,20200516,20.1,23,17.1,0
ST2090,20200517,18.6,20,17.1,0
ST2090,20200518,19.2,21.2,17.2,0
ST2090,20200519,18.9,21.5,16.2,0
ST2090,20200520,18.4,20.3,16.4,0
ST2090,20200521,18.8,20.9,16.7,0
ST2090,20200522,18.8,21,16.6,0
ST2090,20200523,18.4,19.7,17,0
ST2090,20200524,18.5,20.3,16.6,0
ST2090,20200525,18.4,20.1,16.6,0
ST2090,20200526,19.2,21.4,17,0
ST2090,20200527,19.6,22.3,16.8,0
ST2090,20200528,19.7,21.8,17.5,0
ST2090,20200529,20.5,22.2,18.8,0
ST2090,20200530,19.8,23.1,16.5,0
ST2090,20200531,19.7,22.2,17.1,0
ST2090,20200601,19.4,21.3,17.5,0
ST2090,20200602,19,21,17,0
ST2090,20200603,18.3,19.8,16.8,0
ST2090,20200604,18.3,19.8,16.8,0
ST2090,20200605,18.6,20.2,17,0
ST2090,20200606,18.6,20.6,16.6,0
ST2090,20200607,19.2,20.5,17.8,0
ST2090,20200608,18.3,19.6,17,0
ST2090,20200609,18.6,20.1,17,0
ST2090,20200610,18.1,19.2,17,0
ST2090,20200611,19.9,21.8,17.9,0
ST2090,20200612,19.9,22.8,17,0
ST2090,20200613,18.2,19.4,17,0
ST2090,20200614,18.3,20.1,16.4,0
ST2090,20200615,18.6,20.8,16.3,0
ST2090,20200616,19.4,21.6,17.1,0
ST2090,20200617,19.5,22,17,0
ST2090,20200618,18.1,19.7,16.4,0
ST2090,20200619,18.5,19.7,17.3,0
ST2090,20200620,18.1,20.1,16,0
ST2090,20200621,17.5,19.1,15.9,0
ST2090,20200622,17.8,19.5,16,0
ST2090,20200623,17.5,18.9,16,0
ST2090,20200624,17.5,19.9,15,0
ST2090,20200625,16.6,18.2,15,0
ST2090,20200626,16.8,18.3,15.3,0
ST2090,20200627,16.9,18.7,15,0
ST2090,20200628,17.5,19.7,15.2,0
ST2090,20200629,17.5,19.2,15.8,0
ST2090,20200630,17.1,18.2,16,0
ST2090,20200701,16.7,18.6,14.7,0
ST2090,20200702,17.1,18.5,15.7,0
ST2090,20200703,17.5,19.2,15.8,0
ST2090,20200704,16.9,20,13.7,0
ST2090,20200705,16.5,18,15,0
ST2090,20200706,16.4,18,14.8,0
ST2090,20200707,16.7,18.3,15,0
ST2090,20200708,17.3,19.2,15.3,0
ST2090,20200709,16.4,17.7,15,0
ST2090,20200710,16.6,17.7,15.4,0
ST2090,20200711,16.6,18.4,14.7,0
ST2090,20200712,16.8,18.8,14.8,0
ST2090,20200713,16.4,18.2,14.6,0
ST2090,20200714,15.9,17.1,14.7,0
ST2090,20200715,16.2,17.7,14.7,0
ST2090,20200716,15.9,17.1,14.6,0
ST2090,20200717,16.8,18.6,15,0
ST2090,20200718,17.3,19.8,14.8,0
ST2090,20200719,17.2,19.8,14.6,0
ST2090,20200720,17.3,19.2,15.4,0
ST2090,20200721,17.4,19.5,15.2,0
ST2090,20200722,17.4,19,15.7,0
ST2090,20200723,16.3,18.3,14.2,0
ST2090,20200724,16.9,19,14.8,0
ST2090,20200725,16.5,18.3,14.7,0
ST2090,20200726,15.9,17.4,14.4,0
ST2090,20200727,15.1,16.1,14,0
ST2090,20200728,15.5,16.8,14.1,0
ST2090,20200729,15.7,17.1,14.3,0
ST2090,20200730,15.9,17.4,14.3,0
ST2090,20200731,16.2,17.8,14.6,0
ST2090,20200801,16.6,18.3,14.8,0
ST2090,20200802,16.4,18.7,14.1,0
ST2090,20200803,15.9,17.4,14.4,0
ST2090,20200804,15.9,17.3,14.5,0
ST2090,20200805,16.5,18.5,14.4,0
ST2090,20200806,17.1,18.9,15.2,0
ST2090,20200807,16.6,18.5,14.7,0
ST2090,20200808,16.6,18.6,14.6,0
ST2090,20200809,17,19.5,14.4,0
ST2090,20200810,16.6,18.8,14.3,0
ST2090,20200811,16,17.4,14.6,0
ST2090,20200812,16.9,18.6,15.2,0
ST2090,20200813,17,19.5,14.5,0
ST2090,20200814,16.8,18.7,14.8,0
ST2090,20200815,16.4,17.9,14.8,0
ST2090,20200816,16.3,18,14.6,0
ST2090,20200817,16.7,18.3,15.1,0
ST2090,20200818,16.8,18.6,15,0
ST2090,20200819,16.3,17.6,14.9,0
ST2090,20200820,16.3,17.6,15,0
ST2090,20200821,16.7,18.6,14.8,0
ST2090,20200822,16.4,17.6,15.2,0
ST2090,20200823,17.1,19,15.1,0
ST2090,20200824,18,20.5,15.4,0
ST2090,20200825,18.3,21.1,15.4,0
ST2090,20200826,16.7,18,15.4,0
ST2090,20200827,16.8,18.3,15.2,0
ST2090,20200828,16.4,17.8,15,0
ST2090,20200829,16.5,18.4,14.6,0
ST2090,20200830,16.2,17.7,14.7,0
ST2090,20200831,16.3,17.8,14.7,0
ST2090,20200901,16.6,18.5,14.7,0
ST2090,20200902,15.9,17.4,14.3,0
ST2090,20200903,16.1,17.4,14.7,0
ST2090,20200904,16,17.3,14.6,0
ST2090,20200905,16.4,18.3,14.4,0
ST2090,20200906,16.9,19,14.8,0
ST2090,20200907,16.4,18.8,14,0
ST2090,20200908,16.4,18.4,14.4,0
ST2090,20200909,16,18,14,0
ST2090,20200910,16.1,18,14.2,0
ST2090,20200911,16.5,18.6,14.3,0
ST2090,20200912,16.8,19.1,14.5,0
ST2090,20200913,16.4,18.1,14.7,0
ST2090,20200914,16.7,18.4,15,0
ST2090,20200915,16.6,18.3,14.9,0
ST2090,20200916,16.5,18.2,14.8,0
ST2090,20200917,16.6,18.7,14.5,0
ST2090,20200918,17.3,19.6,14.9,0
ST2090,20200919,18.6,22.1,15,0
ST2090,20200920,17.4,19.5,15.3,0
ST2090,20200921,17.7,20,15.4,0
ST2090,20200922,17.6,19.9,15.3,0
ST2090,20200923,18.2,20.5,15.8,0
ST2090,20200924,18,20.2,15.8,0
ST2090,20200925,18.3,20.6,15.9,0
ST2090,20200926,17.4,20.3,14.4,0
ST2090,20200927,16.8,19.8,13.8,0
ST2090,20200928,17.9,20.6,15.2,0
ST2090,20200929,17.5,19.2,15.8,0
ST2090,20200930,18.3,20.3,16.2,0
ST2090,20201001,18.5,21,15.9,0
ST2090,20201002,18.3,20.7,15.8,0
ST2090,20201003,17.4,19.6,15.2,0
ST2090,20201004,16.8,18,15.5,0
ST2090,20201005,17,19.2,14.8,0
ST2090,20201006,18.4,20.7,16,0
ST2090,20201007,18.6,21,16.1,0
ST2090,20201008,18.5,21.2,15.8,0
ST2090,20201009,18.9,22.2,15.5,0
ST2090,20201010,18.3,20.9,15.7,0
ST2090,20201011,18.4,21.2,15.5,0
ST2090,20201012,18.9,21.5,16.2,0
ST2090,20201013,17.8,19.8,15.8,0
ST2090,20201014,17.6,19,16.1,0
ST2090,20201015,18.3,21.2,15.4,0
ST2090,20201016,18.8,21.5,16.1,0
ST2090,20201017,18.7,20.5,16.9,0
ST2090,20201018,18.9,21.4,16.3,0
ST2090,20201019,18.4,20.8,16,0
ST2090,20201020,18.8,21.8,15.8,0
ST2090,20201021,18.7,21.3,16.1,0
